Workbook

Sheet Sales Entries
A1: Date | B1: Product | C1: Quantity | D1: Unit Price ($) | E1: Total ($)
A2: 46194 | B2: Wireless Mouse | C2: 1 | D2: 12 | E2: =C2*D2 -> 12
A3: 46197 | B3: Bluetooth Speaker | C3: 4 | D3: 35 | E3: =C3*D3 -> 140
A4: 46181 | B4: USB-C Cable | C4: 2 | D4: 6 | E4: =C4*D4 -> 12
A5: 46195 | B5: Webcam HD | C5: 9 | D5: 28 | E5: =C5*D5 -> 252
A6: 46176 | B6: Mechanical Keyboard | C6: 7 | D6: 55 | E6: =C6*D6 -> 385
A7: 46175 | B7: Wireless Mouse | C7: 2 | D7: 12 | E7: =C7*D7 -> 24
A8: 46180 | B8: USB-C Cable | C8: 9 | D8: 6 | E8: =C8*D8 -> 54
A9: 46193 | B9: Wireless Mouse | C9: 9 | D9: 12 | E9: =C9*D9 -> 108
A10: 46180 | B10: Webcam HD | C10: 9 | D10: 28 | E10: =C10*D10 -> 252
A11: 46187 | B11: USB-C Cable | C11: 8 | D11: 6 | E11: =C11*D11 -> 48
A12: 46192 | B12: Bluetooth Speaker | C12: 1 | D12: 35 | E12: =C12*D12 -> 35
A13: 46198 | B13: USB-C Cable | C13: 7 | D13: 6 | E13: =C13*D13 -> 42
... A31: 46193 | B31: Webcam HD | C31: 3 | D31: 28 | E31: =C31*D31 -> 84

Sheet Monthly Summary
A1: Monthly Sales Summary
A3: Metric | B3: Value
A4: Total Transactions | B4: =COUNTA('Sales Entries'!A2:A31) -> 30
A5: Total Units Sold | B5: =SUM('Sales Entries'!C2:C31) -> 155
A6: Total Revenue | B6: =SUM('Sales Entries'!E2:E31) -> 3947
A7: Average Sale Value | B7: =AVERAGE('Sales Entries'!E2:E31) -> 131.56667
A8: Highest Single Sale | B8: =MAX('Sales Entries'!E2:E31) -> 385
A11: Sales Count by Product
A13: Product | B13: Transactions | C13: Units Sold | D13: Revenue ($)
A14: Wireless Mouse | B14: =COUNTIF('Sales Entries'!B2:B31,A14) -> 5 | C14: =SUMIF('Sales Entries'!B2:B31,A14,'Sales Entries'!C2:C31) -> 27 | D14: =SUMIF('Sales Entries'!B2:B31,A14,'Sales Entries'!E2:E31) -> 324
A15: USB-C Cable | B15: =COUNTIF('Sales Entries'!B2:B31,A15) -> 5 | C15: =SUMIF('Sales Entries'!B2:B31,A15,'Sales Entries'!C2:C31) -> 28 | D15: =SUMIF('Sales Entries'!B2:B31,A15,'Sales Entries'!E2:E31) -> 168
A16: Bluetooth Speaker | B16: =COUNTIF('Sales Entries'!B2:B31,A16) -> 11 | C16: =SUMIF('Sales Entries'!B2:B31,A16,'Sales Entries'!C2:C31) -> 49 | D16: =SUMIF('Sales Entries'!B2:B31,A16,'Sales Entries'!E2:E31) -> 1715
A17: Laptop Stand | B17: =COUNTIF('Sales Entries'!B2:B31,A17) -> 1 | C17: =SUMIF('Sales Entries'!B2:B31,A17,'Sales Entries'!C2:C31) -> 2 | D17: =SUMIF('Sales Entries'!B2:B31,A17,'Sales Entries'!E2:E31) -> 44
A18: Mechanical Keyboard | B18: =COUNTIF('Sales Entries'!B2:B31,A18) -> 2 | C18: =SUMIF('Sales Entries'!B2:B31,A18,'Sales Entries'!C2:C31) -> 12 | D18: =SUMIF('Sales Entries'!B2:B31,A18,'Sales Entries'!E2:E31) -> 660
A19: Webcam HD | B19: =COUNTIF('Sales Entries'!B2:B31,A19) -> 6 | C19: =SUMIF('Sales Entries'!B2:B31,A19,'Sales Entries'!C2:C31) -> 37 | D19: =SUMIF('Sales Entries'!B2:B31,A19,'Sales Entries'!E2:E31) -> 1036
